ahn,hong,moon,pop,광역시도_x,시군,ID,rate_moon,rate_hong,rate_ahn,x,y,광역시도_y,시도,moon_vs_hong,moon_vs_ahn,ahn_vs_hong
22313.0,22325.0,42512.0,102566.0,서울특별시,종로구,서울 종로,41.44843320398572,21.766472320262075,21.75477253670807,6,4,서울특별시,종로구,19.681960883723647,19.69366066727765,-0.011699783554004028
19372.0,17901.0,34062.0,82852.0,서울특별시,중구,서울 중구,41.11186211557959,21.605996234249023,23.381451262492153,6,5,서울특별시,중구,19.505865881330568,17.730410853087438,1.7754550282431296
32109.0,35230.0,58081.0,148157.0,서울특별시,용산구,서울 용산,39.202332660623526,23.778829214954406,21.672280081265143,6,6,서울특별시,용산구,15.42350344566912,17.530052579358383,-2.1065491336892634
45674.0,40566.0,86686.0,203175.0,서울특별시,성동구,서울 성동,42.66568229358927,19.966039128829827,22.48012796850006,7,5,서울특별시,성동구,22.699643164759443,20.18555432508921,2.514088839670233
52824.0,46368.0,105512.0,240030.0,서울특별시,광진구,서울 광진,43.957838603507895,19.31758530183727,22.00724909386327,7,6,서울특별시,광진구,24.640253301670626,21.950589509644626,2.689663792026
53359.0,51631.0,98958.0,236092.0,서울특별시,동대문구,서울 동대문,41.91501618013317,21.86901716280094,22.60093522863968,7,4,서울특별시,동대문구,20.04599901733223,19.31408095149349,0.731918065838741
62778.0,56545.0,111450.0,265706.0,서울특별시,중랑구,서울 중랑,41.9448563449828,21.28103994640693,23.626865783986812,8,4,서울특별시,중랑구,20.66381639857587,18.31799056099599,2.3458258375798806
66518.0,57584.0,129263.0,295866.0,서울특별시,성북구,서울 성북,43.6897108826293,19.462864945617273,22.482475174572272,6,3,서울특별시,성북구,24.226845937012026,21.207235708057027,3.019610228954999
51669.0,42268.0,89645.0,210614.0,서울특별시,강북구,서울 강북,42.563647240924155,20.068941285954402,24.532557189930394,5,3,서울특별시,강북구,22.494705954969753,18.03109005099376,4.463615903975992
55600.0,47461.0,94898.0,229233.0,서울특별시,도봉구,서울 도봉,41.39805350887525,20.70426160282333,24.254797520426816,5,2,서울특별시,도봉구,20.69379190605192,17.143255988448434,3.5505359176034865
96325.0,67590.0,158167.0,374213.0,서울특별시,노원구,서울 노원,42.26657010846764,18.061905919890545,25.74068779010884,6,2,서울특별시,노원구,24.204664188577095,16.5258823183588,7.678781870218295
72582.0,60109.0,140180.0,317275.0,서울특별시,은평구,서울 은평,44.18249152943031,18.9453943739658,22.87668426443937,4,5,서울특별시,은평구,25.237097155464507,21.30580726499094,3.9312898904735682
46237.0,40513.0,93768.0,212076.0,서울특별시,서대문구,서울 서대문,44.214338256096866,19.103057394518945,21.802089816858107,5,4,서울특별시,서대문구,25.11128086157792,22.41224843923876,2.6990324223391617
52545.0,46547.0,117336.0,256992.0,서울특별시,마포구,서울 마포,45.65745237205827,18.11223695679243,20.446161748225624,5,5,서울특별시,마포구,27.545215415265844,25.21129062383265,2.333924791433194
71816.0,60814.0,133853.0,310886.0,서울특별시,양천구,서울 양천,43.05533217964141,19.56151129352882,23.100429096196034,4,7,서울특별시,양천구,23.49382088611259,19.954903083445377,3.538917802667214
88128.0,76601.0,175882.0,397108.0,서울특별시,강서구,서울 강서,44.290721919477825,19.28971463682424,22.19245142379403,4,6,서울특별시,강서구,25.001007282653585,22.098270495683796,2.9027367869697898
61734.0,59194.0,121077.0,278805.0,서울특별시,구로구,서울 구로,43.42712648625383,21.23132655440182,22.1423575617367,4,9,서울특별시,구로구,22.19579993185201,21.284768924517135,0.9110310073348771
36695.0,31106.0,67423.0,155010.0,서울특별시,금천구,서울 금천,43.49590349009741,20.06709244564867,23.672666279594864,5,8,서울특별시,금천구,23.428811044448743,19.823237210502548,3.6055738339461954
53994.0,53615.0,105834.0,248833.0,서울특별시,영등포구,서울 영등포,42.53214002965844,21.546579432792274,21.698890420482815,4,8,서울특별시,영등포구,20.98556059686617,20.833249609175628,0.15231098769054086
60305.0,54431.0,121722.0,276685.0,서울특별시,동작구,서울 동작,43.99298841643024,19.67255181885538,21.795543668793034,5,6,서울특별시,동작구,24.320436597574858,22.197444747637203,2.122991849937655
79495.0,59914.0,159854.0,351240.0,서울특별시,관악구,서울 관악,45.51133128345291,17.057852180845007,22.632672816307938,5,7,서울특별시,관악구,28.453479102607904,22.878658467144973,5.574820635462931
63977.0,74891.0,106416.0,292916.0,서울특별시,서초구,서울 서초,36.32986931406956,25.56739816193038,21.84141528629368,6,7,서울특별시,서초구,10.762471152139181,14.48845402777588,-3.7259828756366993
80201.0,97639.0,128927.0,365642.0,서울특별시,강남구,서울 강남,35.26044601003167,26.703442164740377,21.934296388270493,6,8,서울특별시,강남구,8.557003845291295,13.326149621761179,-4.769145776469884
99018.0,98549.0,177328.0,441198.0,서울특별시,송파구,서울 송파,40.192385278265085,22.33668330318814,22.44298478234262,8,6,서울특별시,송파구,17.855701975076947,17.749400495922465,0.10630147915448163
67499.0,65893.0,122511.0,297476.0,서울특별시,강동구,서울 강동,41.18349043284164,22.150694509809192,22.69056999556267,8,5,서울특별시,강동구,19.032795923032445,18.49292043727897,0.5398754857534769
4675.0,10684.0,9918.0,28604.0,부산광역시,중구,부산 중구,34.673472241644525,37.35141938190463,16.34386799049084,11,18,부산광역시,중구,-2.677947140260102,18.329604251153686,-21.007551391413788
11868.0,26360.0,24522.0,71446.0,부산광역시,서구,부산 서구,34.322425328219914,36.894997620580575,16.61114688016124,9,19,부산광역시,서구,-2.572572292360661,17.711278448058675,-20.283850740419336
9815.0,22188.0,19606.0,58304.0,부산광역시,동구,부산 동구,33.62719538968167,38.05570801317234,16.834179473106474,10,18,부산광역시,동구,-4.4285126234906755,16.793015916575193,-21.22152854006587
13082.0,25345.0,30094.0,78013.0,부산광역시,영도구,부산 영도,38.575622011716,32.48817504774845,16.76900003845513,10,20,부산광역시,영도구,6.087446963967551,21.80662197326087,-15.71917500929332
40636.0,79545.0,95042.0,246124.0,부산광역시,부산진구,부산 부산진,38.61549462872374,32.31907493783621,16.510376883197086,10,17,부산광역시,부산진구,6.296419690887525,22.105117745526652,-15.808698054639127
30208.0,59616.0,67947.0,181098.0,부산광역시,동래구,부산 동래,37.51946459927774,32.91919292316867,16.680471347005486,11,16,부산광역시,동래구,4.600271676109067,20.838993252272253,-16.238721576163186
30943.0,59137.0,68566.0,181922.0,부산광역시,남구,부산 남구,37.68977913611328,32.50678862369587,17.00893789646112,11,19,부산광역시,남구,5.182990512417412,20.68084123965216,-15.497850727234749
32712.0,61175.0,83611.0,203689.0,부산광역시,북구,부산 북구,41.04836294547079,30.033531511274543,16.059777405750925,9,17,부산광역시,북구,11.01483143419625,24.988585539719868,-13.973754105523618
48325.0,80904.0,102106.0,266870.0,부산광역시,해운대구,부산 해운대,38.260576310563195,30.31588413834451,18.108067598456177,12,17,부산광역시,해운대구,7.944692172218684,20.152508712107018,-12.207816539888334
15909.0,26556.0,39412.0,94393.0,부산광역시,기장군,부산 기장,41.75309609822762,28.13344209846069,16.854004004534236,12,16,부산광역시,기장군,13.619653999766932,24.899092093693387,-11.279438093926455
36713.0,65252.0,82452.0,211876.0,부산광역시,사하구,부산 사하,38.91521455945931,30.797258773999886,17.3275878343937,10,19,부산광역시,사하구,8.117955785459422,21.587626725065608,-13.469670939606186
26729.0,54418.0,60169.0,164127.0,부산광역시,금정구,부산 금정,36.660025468082644,33.156031609668126,16.28555935342753,10,16,부산광역시,금정구,3.5039938584145176,20.374466114655114,-16.870472256240596
10629.0,18711.0,30783.0,68633.0,부산광역시,강서구,부산 강서,44.851601999038365,27.26239564058106,15.486719216703335,8,18,부산광역시,강서구,17.589206358457304,29.36488278233503,-11.775676423877727
23321.0,44221.0,52454.0,137602.0,부산광역시,연제구,부산 연제,38.12008546387407,32.13688754523917,16.94815482333106,11,17,부산광역시,연제구,5.9831979186349,21.17193064054301,-15.18873272190811
20319.0,39832.0,43702.0,119064.0,부산광역시,수영구,부산 수영,36.70462944298865,33.45427669152725,17.065611771820198,11,20,부산광역시,수영구,3.2503527514613992,19.63901767116845,-16.38866491970705
23023.0,46540.0,61743.0,149868.0,부산광역시,사상구,부산 사상,41.19825446392826,31.05399418154643,15.3621853898097,9,18,부산광역시,사상구,10.144260282381829,25.83606907411856,-15.69180879173673
7170.0,24698.0,11477.0,52180.0,대구광역시,중구,대구 중구,21.995017247987736,47.33231123035646,13.740896895362209,9,14,대구광역시,중구,-25.337293982368724,8.254120352625527,-33.591414334994255
31351.0,100166.0,47350.0,226510.0,대구광역시,동구,대구 동구,20.904154341971655,44.221447176725086,13.840890026930378,10,15,대구광역시,동구,-23.31729283475343,7.063264315041277,-30.380557149794708
17808.0,68782.0,22004.0,127659.0,대구광역시,서구,대구 서구,17.236544231115708,53.879475790974396,13.94966277348248,8,15,대구광역시,서구,-36.64293155985869,3.2868814576332284,-39.92981301749192
13978.0,50304.0,19862.0,100059.0,대구광역시,남구,대구 남구,19.85028832988537,50.27433814049711,13.969757842872705,9,15,대구광역시,남구,-30.424049810611738,5.880530487012665,-36.304580297624405
42369.0,121368.0,62526.0,276725.0,대구광역시,북구,대구 북구,22.59499503116813,43.85870449001716,15.310868190441774,8,14,대구광역시,북구,-21.263709458849032,7.284126840726355,-28.547836299575387
43698.0,123074.0,64922.0,285528.0,대구광역시,수성구,대구 수성,22.737524866212773,43.104003810484436,15.304278389509959,10,14,대구광역시,수성구,-20.366478944271662,7.433246476702815,-27.799725420974475
57956.0,165781.0,82726.0,374766.0,대구광역시,달서구,대구 달서,22.074040868168403,44.235869849452726,15.464583233270895,8,16,대구광역시,달서구,-22.161828981284323,6.609457634897508,-28.771286616181833
21427.0,60032.0,31753.0,137920.0,대구광역시,달성군,대구 달성,23.02276682134571,43.52668213457076,15.535817865429236,9,16,대구광역시,달성군,-20.503915313225054,7.486948955916473,-27.990864269141525
15405.0,16139.0,28030.0,69220.0,인천광역시,중구,인천 중구,40.494076856399886,23.31551574689396,22.2551285755562,1,9,인천광역시,중구,17.178561109505925,18.238948280843687,-1.0603871713377622
10479.0,11446.0,16501.0,44672.0,인천광역시,동구,인천 동구,36.93812679083094,25.62231375358166,23.457646848137536,1,7,인천광역시,동구,11.315813037249281,13.480479942693407,-2.1646669054441254
61034.0,60603.0,96338.0,254020.0,인천광역시,남구,인천 남구,37.92536020785765,23.857570270057476,24.027241949452797,2,9,인천광역시,남구,14.067789937800175,13.898118258404853,0.16967167939532146
48166.0,41920.0,85853.0,208175.0,인천광역시,연수구,인천 연수,41.24078299507626,20.136904047075777,23.137264320883872,1,10,인천광역시,연수구,21.10387894800048,18.103518674192387,3.000360273808095
77693.0,66178.0,136132.0,327425.0,인천광역시,남동구,인천 남동,41.57654424677407,20.2116515232496,23.728487439871728,2,10,인천광역시,남동구,21.36489272352447,17.848056806902342,3.516835916622128
82590.0,66560.0,146859.0,345398.0,인천광역시,부평구,인천 부평,42.518775441664395,19.27052270134743,23.9115455213985,2,8,인천광역시,부평구,23.248252740316964,18.607229920265894,4.64102282005107
48622.0,37234.0,88890.0,205824.0,인천광역시,계양구,인천 계양,43.18738339552239,18.090212997512438,23.623095460199007,2,7,인천광역시,계양구,25.09717039800995,19.56428793532338,5.532882462686569
72248.0,56236.0,132399.0,306672.0,인천광역시,서구,인천 서구,43.17283612458914,18.337507173788282,23.55872071790056,1,6,인천광역시,서구,24.835328950800857,19.61411540668858,5.221213544112278
9559.0,17041.0,12153.0,43938.0,인천광역시,강화군,인천 강화,27.659429195684826,38.78419591242205,21.75565569666348,1,5,인천광역시,강화군,-11.124766716737224,5.903773499021344,-17.028540215758568
3092.0,5834.0,3935.0,14747.0,인천광역시,옹진군,인천 옹진,26.68339323252187,39.560588594290365,20.96697633416966,0,10,인천광역시,옹진군,-12.877195361768496,5.7164168983522075,-18.593612260120704
23438.0,1308.0,37053.0,66287.0,광주광역시,동구,광주 동구,55.89783818848342,1.9732375880640245,35.35836589376499,3,23,광주광역시,동구,53.924600600419396,20.53947229471843,33.38512830570097
62218.0,3182.0,124183.0,204787.0,광주광역시,서구,광주 서구,60.640079692558615,1.5538095679901558,30.381811345446728,2,22,광주광역시,서구,59.08627012456846,30.258268347111887,28.82800177745657
47663.0,2521.0,85642.0,146037.0,광주광역시,남구,광주 남구,58.64404226326205,1.7262748481549197,32.63761923348192,2,23,광주광역시,남구,56.91776741510713,26.00642302978013,30.911344385327002
88501.0,4241.0,177850.0,292001.0,광주광역시,북구,광주 북구,60.90732565984362,1.4523922863277865,30.308457847747093,3,22,광주광역시,북구,59.454933373515836,30.59886781209653,28.856065561419307
65402.0,3630.0,159119.0,248209.0,광주광역시,광산구,광주 광산,64.10686155618853,1.4624771865645485,26.34956830735388,2,21,광주광역시,광산구,62.644384369623985,37.75729324883466,24.887091120789332
34729.0,33015.0,57580.0,143823.0,대전광역시,동구,대전 동구,40.03532119341134,22.955299221960328,24.1470418500518,5,14,대전광역시,동구,17.080021971451014,15.888279343359542,1.1917426280914718
37504.0,37657.0,62115.0,157397.0,대전광역시,중구,대전 중구,39.46390337808218,23.924852443185067,23.82764601612483,5,15,대전광역시,중구,15.539050934897112,15.636257361957348,-0.09720642706023597
70732.0,59593.0,133604.0,307774.0,대전광역시,서구,대전 서구,43.409774704815874,19.362584233885904,22.98179833254271,4,16,대전광역시,서구,24.04719047092997,20.427976372273164,3.619214098656805
47081.0,35445.0,103313.0,218087.0,대전광역시,유성구,대전 유성,47.37237891300261,16.25268814739072,21.588173527078645,4,15,대전광역시,유성구,31.119690765611892,25.78420538592397,5.335485379687924
28723.0,25666.0,47933.0,118816.0,대전광역시,대덕구,대전 대덕,40.34220980339348,21.601467815782385,24.174353622407757,5,13,대전광역시,대덕구,18.740741987611095,16.167856180985723,2.572885806625372
26458.0,47625.0,56657.0,157051.0,울산광역시,중구,울산 중구,36.075542339749504,30.324544256324376,16.846756786012186,11,15,울산광역시,중구,5.750998083425127,19.228785553737318,-13.47778747031219
39040.0,63331.0,80662.0,219569.0,울산광역시,남구,울산 남구,36.73651562834462,28.843324877373398,17.780287745537848,12,15,울산광역시,남구,7.893190750971222,18.956227882806772,-11.06303713183555
19290.0,23701.0,44931.0,109054.0,울산광역시,동구,울산 동구,41.20068956663671,21.733269756267536,17.688484603957672,12,14,울산광역시,동구,19.467419810369176,23.51220496267904,-4.0447851523098635
20115.0,26596.0,52058.0,122933.0,울산광역시,북구,울산 북구,42.34664410695257,21.63454890062066,16.362571482026794,12,13,울산광역시,북구,20.712095206331906,25.984072624925773,-5.271977418593867
23617.0,42349.0,48486.0,136353.0,울산광역시,울주군,울산 울주,35.55917361554201,31.05835588509237,17.32048433111116,11,14,울산광역시,울주군,4.500817730449636,18.238689284430848,-13.737871553981211
32010.0,23211.0,77767.0,152801.0,세종특별자치시,세종특별자치시,세종,50.894300429971004,15.190345612921382,20.94881578000144,4,13,세종특별자치시,세종특별자치시,35.70395481704962,29.945484649969565,5.758470167080057
43344.0,37143.0,81392.0,190917.0,경기도,수원시장안구,수원 장안,42.632138573306726,19.455051147881015,22.70305944468015,6,10,경기도,장안구,23.17708742542571,19.929079128626576,3.248008296799135
51061.0,42801.0,95263.0,222078.0,경기도,수원시권선구,수원 권선,42.89618962706797,19.272958149839244,22.9923720494601,5,10,경기도,권선구,23.623231477228725,19.903817577607867,3.7194138996208572
28228.0,27782.0,49814.0,123458.0,경기도,수원시팔달구,수원 팔달,40.34894458034311,22.503199468645207,22.864455928331903,6,11,경기도,팔달구,17.8457451116979,17.484488652011205,0.36125645968669673
46872.0,33354.0,105181.0,220307.0,경기도,수원시영통구,수원 영통,47.74292237650188,15.139782213002764,21.27576518222299,7,9,경기도,영통구,32.60314016349912,26.46715719427889,6.135982969220226
36752.0,28395.0,63867.0,149414.0,경기도,성남시수정구,성남 수정,42.74499042927704,19.004243243605018,24.59742728258396,8,8,경기도,수정구,23.74074718567202,18.147563146693077,5.593184038978944
36512.0,27896.0,62729.0,146801.0,경기도,성남시중원구,성남 중원,42.73063534989544,19.002595350167915,24.871765178711318,7,7,경기도,중원구,23.72803999972752,17.85887017118412,5.869169828543402
74040.0,71332.0,139853.0,338076.0,경기도,성남시분당구,성남 분당,41.36732569008152,21.099397768549082,21.900401093245307,7,8,경기도,분당구,20.26792792153244,19.466924596836215,0.8010033246962251
65003.0,57027.0,110580.0,270404.0,경기도,의정부시,의정부,40.894365467966445,21.0895548882413,24.039215396221948,7,1,경기도,의정부시,19.804810579725146,16.855150071744497,2.9496605079806493
38671.0,35189.0,70454.0,167995.0,경기도,안양시만안구,안양 만안,41.93815292121789,20.946456739783923,23.019137474329593,3,4,경기도,만안구,20.99169618143397,18.9190154468883,2.0726807345456706
51966.0,43072.0,101278.0,230674.0,경기도,안양시동안구,안양 동안,43.905251567146706,18.67223874385496,22.527896511960602,3,5,경기도,동안구,25.233012823291745,21.377355055186104,3.8556577681056403
51958.0,39081.0,97959.0,218795.0,경기도,광명시,광명,44.772046893210536,17.86192554674467,23.747343403642677,4,4,경기도,광명시,26.910121346465868,21.02470348956786,5.885417856898009
64057.0,62827.0,104574.0,273677.0,경기도,평택시,평택,38.21073747519886,22.95662404951823,23.406058967322792,4,11,경기도,평택시,15.254113425680632,14.80467850787607,0.4494349178045631
28469.0,29739.0,46286.0,121344.0,경기도,양주시,양주,38.144448839662445,24.508010284810126,23.461398997890296,3,1,경기도,양주시,13.636438554852319,14.68304984177215,-1.0466112869198305
12808.0,15733.0,19444.0,55487.0,경기도,동두천시,동두천,35.04244237388938,28.354389316416455,23.082884279200535,4,1,경기도,동두천시,6.688053057472924,11.959558094688845,-5.2715050372159205
55067.0,39723.0,98564.0,226266.0,경기도,안산시상록구,안산 상록,43.56111832975348,17.555885550635093,24.337284435133867,3,7,경기도,상록구,26.005232779118383,19.22383389461961,6.781398884498774
45779.0,33862.0,80771.0,187253.0,경기도,안산시단원구,안산 단원,43.134689430876946,18.083555403651744,24.447672400442183,3,8,경기도,단원구,25.051134027225203,18.687017030434763,6.36411699679044
61581.0,55157.0,120063.0,287087.0,경기도,고양시덕양구,고양 덕양,41.82112042690891,19.212642857391664,21.45029207174132,3,2,경기도,덕양구,22.608477569517248,20.370828355167593,2.2376492143496556
41166.0,34980.0,81622.0,188297.0,경기도,고양시일산동구,고양 일산동,43.347477654981226,18.577035215643374,21.862270774361782,4,2,경기도,일산동구,24.770442439337852,21.485206880619444,3.2852355587184086
41563.0,35147.0,85919.0,192610.0,경기도,고양시일산서구,고양 일산서,44.6077566066144,18.24775452987903,21.57883806655937,3,3,경기도,일산서구,26.360002076735373,23.02891854005503,3.3310835366803424
8736.0,9055.0,16528.0,40789.0,경기도,과천시,과천,40.52072862781632,22.199612640662924,21.41753904238888,8,7,경기도,과천시,18.321115987153394,19.103189585427437,-0.7820735982740423
23602.0,21218.0,43869.0,103913.0,경기도,의왕시,의왕,42.21704695273931,20.41900435941605,22.713231260766218,6,9,경기도,의왕시,21.79804259332326,19.50381569197309,2.294226901350168
28698.0,26113.0,51181.0,123469.0,경기도,구리시,구리,41.452510346726704,21.1494383205501,23.24308125926346,8,3,경기도,구리시,20.303072026176604,18.209429087463246,2.0936429387133586
92048.0,86026.0,165079.0,397972.0,경기도,남양주시,남양주,41.480053873136804,21.616093594524237,23.12926537545355,7,2,경기도,남양주시,19.863960278612566,18.350788497683254,1.5131717809293121
27201.0,21829.0,52358.0,118683.0,경기도,오산시,오산,44.11583798859146,18.39269314055088,22.91903642476176,3,10,경기도,오산시,25.72314484804058,21.1968015638297,4.526343284210881
84967.0,69014.0,176940.0,386002.0,경기도,화성시,화성,45.83914072984078,17.8791819731504,22.012062113667806,3,9,경기도,화성시,27.95995875669038,23.827078616172972,4.132880140517408
58119.0,43248.0,103732.0,239227.0,경기도,시흥시,시흥,43.3613262717001,18.078226955987407,24.294498530684244,3,6,경기도,시흥시,25.283099315712693,19.066827741015857,6.216271574696837
41883.0,34784.0,82551.0,186084.0,경기도,군포시,군포,44.36222351196234,18.692633434362975,22.507577223189525,5,9,경기도,군포시,25.669590077599366,21.854646288772816,3.8149437888265503
30999.0,31793.0,57298.0,138937.0,경기도,하남시,하남,41.24027436895859,22.883033317258903,22.31155127863708,9,3,경기도,하남시,18.357241051699685,18.92872309032151,-0.5714820386218236
54921.0,55347.0,107148.0,256847.0,경기도,파주시,파주,41.71666400619824,21.54862622495104,21.382768730022153,2,3,경기도,파주시,20.168037781247204,20.33389527617609,-0.16585749492888624
14545.0,21581.0,20474.0,65695.0,경기도,여주시,여주,31.165233274982874,32.85029302077784,22.14019331760408,9,5,경기도,여주시,-1.685059745794966,9.025039957378794,-10.71009970317376
26695.0,33301.0,44109.0,121841.0,경기도,이천시,이천,36.20209945748968,27.331522229791283,21.90970198865735,9,6,경기도,이천시,8.870577227698398,14.29239746883233,-5.421820241133933
32027.0,33153.0,50423.0,134872.0,경기도,용인시처인구,용인 처인,37.385817664155645,24.581084287324277,23.746218636929832,9,9,경기도,처인구,12.804733376831368,13.639599027225813,-0.8348656503944447
47125.0,50229.0,95325.0,225513.0,경기도,용인시수지구,용인 수지,42.27029040454431,22.27321706509159,20.896799741034886,9,8,경기도,수지구,19.997073339452722,21.373490663509426,-1.3764173240567033
55393.0,53405.0,116017.0,261414.0,경기도,용인시기흥구,용인 기흥,44.380561102312804,20.429280757725294,21.189760303579764,8,9,경기도,기흥구,23.95128034458751,23.19080079873304,0.7604795458544693
25193.0,26693.0,39380.0,106490.0,경기도,안성시,안성,36.97999812188938,25.06620339938022,23.657620433843555,4,10,경기도,안성시,11.91379472250916,13.322377688045826,-1.4085829655366666
51081.0,48490.0,93697.0,225075.0,경기도,김포시,김포,41.6292346995446,21.543929801177384,22.69510163278907,4,3,경기도,김포시,20.085304898367212,18.93413306675553,1.1511718316116841
46829.0,45030.0,80175.0,199221.0,경기도,광주시,광주,40.244251359043474,22.60303883626726,23.506056088464568,9,7,경기도,광주시,17.641212522776215,16.738195270578906,0.9030172521973086
22505.0,28030.0,27632.0,90620.0,경기도,포천시,포천,30.492165084970207,30.93136173030236,24.834473626131096,6,1,경기도,포천시,-0.43919664533215297,5.6576914588391105,-6.0968881041712635
6805.0,9557.0,8384.0,28675.0,경기도,연천군,연천,29.238012205754142,33.32868352223191,23.731473408892764,5,1,경기도,연천군,-4.090671316477771,5.506538796861378,-9.597210113339148
15653.0,24800.0,21329.0,71056.0,경기도,양평군,양평,30.017169556406216,34.902049088043235,22.029103805449225,9,4,경기도,양평군,-4.884879531637019,7.9880657509569915,-12.87294528259401
9089.0,13865.0,10873.0,38897.0,경기도,가평군,가평,27.953312594801655,35.64542252615883,23.366840630382807,7,3,경기도,가평군,-7.692109931357177,4.586471964418848,-12.278581895776025
38684.0,43494.0,66874.0,175879.0,강원도,춘천시,춘천,38.022731537022615,24.72950153230346,21.994666787962178,9,1,강원도,춘천시,13.293230004719156,16.028064749060437,-2.7348347443412813
45776.0,50750.0,77495.0,204233.0,강원도,원주시,원주,37.94440663359986,24.8490694451925,22.413615821145456,10,5,강원도,원주시,13.09533718840736,15.530790812454406,-2.435453624047046
26895.0,44421.0,41565.0,132395.0,강원도,강릉시,강릉,31.394690131802562,33.551871294233166,20.314211261754597,11,3,강원도,강릉시,-2.1571811624306036,11.080478870047966,-13.23766003247857
11345.0,19009.0,17184.0,55542.0,강원도,동해시,동해,30.938749054769367,34.224550790392854,20.42598394008138,11,4,강원도,동해시,-3.2858017356234868,10.512765114687987,-13.798566850311474
8185.0,15971.0,13496.0,44097.0,강원도,삼척시,삼척,30.605256593419057,36.21788330271901,18.56135338004853,11,5,강원도,삼척시,-5.612626709299953,12.043903213370527,-17.65652992267048
4971.0,10046.0,9557.0,28101.0,강원도,태백시,태백,34.00946585530764,35.74961745133625,17.68976193018042,10,4,강원도,태백시,-1.7401515960286105,16.319703925127218,-18.05985552115583
4489.0,8323.0,8270.0,23859.0,강원도,정선군,정선,34.661972421308526,34.884110817720774,18.814703047068193,10,3,강원도,정선군,-0.22213839641224808,15.847269374240334,-16.06940777065258
11031.0,13883.0,15045.0,46985.0,강원도,속초시,속초,32.02085772054911,29.54772799829733,23.477705650739598,10,1,강원도,속초시,2.4731297222517803,8.543152069809512,-6.070022347557732
3964.0,6511.0,5664.0,18692.0,강원도,고성군,고성(강원),30.30173336186604,34.83308367215921,21.206933447464156,10,0,강원도,고성군,-4.5313503102931705,9.094799914401886,-13.626150224695056
3868.0,6687.0,5017.0,17853.0,강원도,양양군,양양,28.101719598946957,37.45588976642581,21.665826471741447,10,2,강원도,양양군,-9.354170167478856,6.43589312720551,-15.790063294684366
4759.0,6009.0,6574.0,20751.0,강원도,인제군,인제,31.680400944532792,28.957640595633944,22.933834513999326,8,1,강원도,인제군,2.7227603488988485,8.746566430533466,-6.023806081634618
10023.0,13549.0,13851.0,43648.0,강원도,홍천군,홍천,31.733412756598238,31.04151392961877,22.96325146627566,8,2,강원도,홍천군,0.6918988269794681,8.770161290322577,-8.078262463343108
6479.0,10423.0,8833.0,29447.0,강원도,횡성군,횡성,29.996264475158757,35.395795836587766,22.002241314904744,9,2,강원도,횡성군,-5.399531361429009,7.994023160254013,-13.393554521683022
5753.0,8779.0,8067.0,25925.0,강원도,영월군,영월,31.116682738669237,33.86306653809065,22.19093539054966,10,7,강원도,영월군,-2.7463837994214124,8.925747348119575,-11.672131147540988
5998.0,9348.0,8591.0,27444.0,강원도,평창군,평창,31.303745809648742,34.06209007433319,21.85541466258563,10,6,강원도,평창군,-2.7583442646844496,9.448331147063112,-12.206675411747561
4000.0,5019.0,5161.0,17083.0,강원도,화천군,화천,30.211321196511154,29.380085465082246,23.415091026166365,8,0,강원도,화천군,0.831235731428908,6.7962301703447885,-5.96499443891588
3519.0,4250.0,4526.0,14848.0,강원도,양구군,양구,30.482219827586203,28.62338362068966,23.700161637931032,9,0,강원도,양구군,1.8588362068965445,6.782058189655171,-4.923221982758626
7101.0,8437.0,8998.0,29103.0,강원도,철원군,철원,30.917774799848814,28.99013847369687,24.399546438511493,7,0,강원도,철원군,1.9276363261519442,6.5182283613373215,-4.590592035185377
21983.0,27108.0,42308.0,106316.0,충청북도,청주시상당구,청주 상당,39.79457466420859,25.497573272132136,20.677038263290566,6,14,충청북도,상당구,14.297001392076453,19.117536400918024,-4.820535008841571
28912.0,30471.0,56521.0,134980.0,충청북도,청주시서원구,청주 서원,41.87361090531931,22.57445547488517,21.4194695510446,7,14,충청북도,서원구,19.29915543043414,20.45414135427471,-1.1549859238405702
32756.0,31023.0,66281.0,153064.0,충청북도,청주시흥덕구,청주 흥덕,43.30280144253385,20.267992473736477,21.400198609731877,7,12,충청북도,흥덕구,23.03480896879737,21.90260283280197,1.1322061359953999
24203.0,24026.0,50487.0,115327.0,충청북도,청주시청원구,청주 청원,43.77725944488281,20.83293591266572,20.986412548665967,7,13,충청북도,청원구,22.944323532217087,22.79084689621684,0.15347663600024575
28588.0,38532.0,43551.0,127426.0,충청북도,충주시,충주,34.17748340213143,30.238726790450926,22.434981871831493,6,12,충청북도,충주시,3.9387566116805033,11.742501530299936,-7.803744918619433
17768.0,26977.0,28517.0,84700.0,충청북도,제천시,제천,33.668240850059036,31.850059031877215,20.977567886658797,7,10,충청북도,제천시,1.8181818181818201,12.690672963400239,-10.872491145218419
4026.0,7901.0,5708.0,19905.0,충청북도,단양군,단양,28.676212007033406,39.69354433559407,20.22607385079126,7,11,충청북도,단양군,-11.017332328560663,8.450138156242147,-19.46747048480281
7017.0,10958.0,10432.0,32554.0,충청북도,영동군,영동,32.045217177612585,33.660994040670886,21.55495484425877,7,15,충청북도,영동군,-1.6157768630583007,10.490262333353815,-12.106039196412116
4910.0,7587.0,7268.0,22341.0,충청북도,보은군,보은,32.53211584083076,33.95998388612864,21.97753010160691,8,13,충청북도,보은군,-1.4278680452978776,10.554585739223853,-11.98245378452173
7465.0,10431.0,11181.0,33175.0,충청북도,옥천군,옥천,33.70308967596081,31.442351168048226,22.501883948756593,6,15,충청북도,옥천군,2.260738507912585,11.201205727204218,-8.940467219291634
13381.0,15180.0,20723.0,56788.0,충청북도,음성군,음성,36.49186447841093,26.730999506938087,23.56307670634641,5,11,충청북도,음성군,9.760864971472845,12.92878777206452,-3.1679228005916755
9489.0,10265.0,15844.0,41255.0,충청북도,진천군,진천,38.40504181311356,24.881832505150893,23.0008483820143,5,12,충청북도,진천군,13.52320930796267,15.404193431099262,-1.8809841231365922
5830.0,9435.0,7876.0,25824.0,충청북도,괴산군,괴산,30.498760842627014,36.53578066914498,22.575898389095414,8,12,충청북도,괴산군,-6.037019826517962,7.9228624535316,-13.959882280049563
5126.0,5608.0,8109.0,21786.0,충청북도,증평군,증평,37.221151198017076,25.741301753419627,23.52887175250161,6,13,충청북도,증평군,11.479849444597448,13.692279445515467,-2.212430000918019
47891.0,37293.0,94202.0,212329.0,충청남도,천안시서북구,천안 서북,44.36605456626273,17.563780736498547,22.55509139119009,3,11,충청남도,서북구,26.802273829764186,21.810963175072644,4.991310654691542
34933.0,34869.0,59695.0,151132.0,충청남도,천안시동남구,천안 동남,39.49858401926792,23.071884180716197,23.114231268030597,2,11,충청남도,동남구,16.426699838551727,16.384352751237326,0.04234708731440051
15814.0,18449.0,25036.0,67018.0,충청남도,공주시,공주,37.35712793577845,27.528425199200214,23.59664567728073,4,12,충청남도,공주시,9.828702736578236,13.76048225849772,-3.931779521919484
15428.0,19453.0,20674.0,62825.0,충청남도,보령시,보령,32.90728213290887,30.963788300835652,24.55710306406685,2,13,충청남도,보령시,1.9434938320732158,8.350179068842017,-6.406685236768801
38368.0,36741.0,73461.0,173795.0,충청남도,아산시,아산,42.2687649241923,21.140424062832647,22.076584481716964,1,11,충청남도,아산시,21.12834086135965,20.192180442475333,0.9361604188843167
23237.0,24572.0,37376.0,98859.0,충청남도,서산시,서산,37.807382231258664,24.85560242365389,23.505194266581697,1,13,충청남도,서산시,12.951779807604773,14.302187964676968,-1.350408157072195
8940.0,12666.0,12881.0,38740.0,충청남도,태안군,태안,33.249870934434696,32.69488900361384,23.076923076923077,0,11,충청남도,태안군,0.5549819308208583,10.17294785751162,-9.617965926690761
8787.0,9416.0,11182.0,32968.0,충청남도,금산군,금산,33.91773841300655,28.56102887648629,26.6531181752002,3,15,충청남도,금산군,5.356709536520263,7.264620237806355,-1.9079107012860916
18844.0,16948.0,28265.0,72434.0,충청남도,논산시,논산,39.02173012673607,23.39785183753486,26.015407129248697,3,14,충청남도,논산시,15.623878289201208,13.00632299748737,2.6175552917138383
6722.0,6261.0,9566.0,26530.0,충청남도,계룡시,계룡,36.057293629853,23.59969845457972,25.337353938937053,4,14,충청남도,계룡시,12.45759517527328,10.719939690915947,1.737655484357333
20852.0,23597.0,37191.0,95417.0,충청남도,당진시,당진,38.977331083559534,24.730393954955616,21.853548109875597,1,12,충청남도,당진시,14.246937128603918,17.123782973683937,-2.8768458450800196
11022.0,13761.0,13492.0,43288.0,충청남도,부여군,부여,31.1679911291813,31.789410460173723,25.46202180742931,2,14,충청남도,부여군,-0.6214193309924241,5.70596932175199,-6.327388652744414
8744.0,9891.0,12554.0,34889.0,충청남도,서천군,서천,35.98268795322308,28.349909713663337,25.06234056579438,2,15,충청남도,서천군,7.632778239559741,10.920347387428698,-3.2875691478689575
14251.0,16682.0,21021.0,59645.0,충청남도,홍성군,홍성,35.24352418475983,27.968815491658983,23.89303378321737,2,12,충청남도,홍성군,7.274708693100845,11.350490401542459,-4.075781708441614
5140.0,7104.0,6185.0,20667.0,충청남도,청양군,청양,29.9269366623119,34.37363913485266,24.870566603764455,3,13,충청남도,청양군,-4.4467024725407605,5.056370058547444,-9.503072531088204
11243.0,18911.0,13880.0,49668.0,충청남도,예산군,예산,27.945558508496415,38.07481678344205,22.636305065635824,3,12,충청남도,예산군,-10.129258274945638,5.309253442860591,-15.438511717806229
50506.0,7003.0,157637.0,236383.0,전라북도,전주시완산구,전주 완산,66.68711370953072,2.9625649898681377,21.36617269431389,3,19,전라북도,완산구,63.724548719662586,45.32094101521683,18.40360770444575
40188.0,5183.0,125375.0,187921.0,전라북도,전주시덕진구,전주 덕진,66.71686506563928,2.7580738714672655,21.385582239345258,3,18,전라북도,덕진구,63.958791194172015,45.33128282629403,18.627508367877994
42387.0,6360.0,109379.0,172330.0,전라북도,군산시,군산,63.47066674403761,3.6905936285034526,24.596413857134568,2,16,전라북도,군산시,59.78007311553416,38.87425288690304,20.905820228631114
45737.0,6470.0,123422.0,192208.0,전라북도,익산시,익산,64.21272787813203,3.366145009572963,23.795575626404727,3,16,전라북도,익산시,60.84658286855907,40.4171522517273,20.429430616831763
20111.0,2175.0,45894.0,73678.0,전라북도,정읍시,정읍,62.289964439859936,2.9520345286245555,27.295800646054452,2,18,전라북도,정읍시,59.33792991123538,34.994163793805484,24.343766117429897
13854.0,1939.0,35539.0,55371.0,전라북도,남원시,남원,64.18341731231149,3.501833089523397,25.020317494717453,5,18,전라북도,남원시,60.681584222788096,39.16309981759404,21.518484405194055
15880.0,2052.0,35870.0,57886.0,전라북도,김제시,김제,61.96662405417545,3.5448985937877895,27.43323083301662,3,17,전라북도,김제시,58.421725460387655,34.53339322115883,23.88833223922883
13897.0,2107.0,41057.0,62470.0,전라북도,완주군,완주,65.7227469185209,3.372818953097487,22.245878021450295,4,17,전라북도,완주군,62.34992796542341,43.4768688970706,18.87305906835281
3904.0,11918.0,11918.0,18107.0,전라북도,진안군,진안,65.8198486773071,65.8198486773071,21.560722372563095,4,18,전라북도,진안군,0.0,44.259126304744015,-44.259126304744015
3998.0,1225.0,10381.0,17019.0,전라북도,무주군,무주,60.99653328632705,7.197837710793818,23.49139197367648,5,16,전라북도,무주군,53.79869557553323,37.50514131265057,16.293554262882658
3353.0,10714.0,10714.0,16079.0,전라북도,장수군,장수,66.6334971080291,66.6334971080291,20.85328689595124,5,17,전라북도,장수군,0.0,45.78021021207786,-45.78021021207786
5009.0,12893.0,12893.0,20381.0,전라북도,임실군,임실,63.259898925469805,63.259898925469805,24.576811736421174,4,19,전라북도,임실군,0.0,38.683087189048635,-38.683087189048635
5624.0,12309.0,12309.0,20126.0,전라북도,순창군,순창,61.15969392825201,61.15969392825201,27.943953095498358,3,20,전라북도,순창군,0.0,33.21574083275365,-33.21574083275365
11182.0,1215.0,23877.0,39188.0,전라북도,고창군,고창,60.929366132489534,3.1004389098703684,28.53424517709503,1,18,전라북도,고창군,57.828927222619164,32.3951209553945,25.43380626722466
9837.0,1507.0,22482.0,36647.0,전라북도,부안군,부안,61.3474499959069,4.112205637569242,26.842579201571752,2,17,전라북도,부안군,57.23524435833766,34.50487079433515,22.73037356400251
53303.0,2584.0,77896.0,145476.0,전라남도,목포시,목포,53.5456020237015,1.776238004894278,36.640408039814126,0,22,전라남도,목포시,51.769364018807224,16.905193983887372,34.86417003491985
50228.0,4281.0,117586.0,185487.0,전라남도,여수시,여수,63.39312188994377,2.307978456711252,27.078986667529257,4,23,전라남도,여수시,61.08514343323252,36.314135222414514,24.771008210818007
40429.0,4525.0,122595.0,181451.0,전라남도,순천시,순천,67.56369488181382,2.493786201233391,22.28094637119663,4,22,전라남도,순천시,65.06990868058043,45.28274851061718,19.78716016996324
21011.0,1448.0,43967.0,71599.0,전라남도,나주시,나주,61.40728222461208,2.022374614170589,29.345381918741882,1,22,전라남도,나주시,59.384907610441495,32.061900305870196,27.32300730457129
20080.0,4100.0,63544.0,96384.0,전라남도,광양시,광양,65.92795484727756,4.253818061088977,20.833333333333336,5,21,전라남도,광양시,61.67413678618858,45.094621513944226,16.579515272244358
10017.0,19961.0,19961.0,33020.0,전라남도,담양군,담양,60.451241671714115,60.451241671714115,30.336159903089037,2,20,전라남도,담양군,0.0,30.11508176862508,-30.11508176862508
10167.0,17378.0,17378.0,30670.0,전라남도,장성군,장성,56.66123247473101,56.66123247473101,33.14965764590806,2,19,전라남도,장성군,0.0,23.51157482882295,-23.51157482882295
6850.0,12152.0,12152.0,21247.0,전라남도,곡성군,곡성,57.19395679390031,57.19395679390031,32.23984562526475,3,21,전라남도,곡성군,0.0,24.954111168635563,-24.954111168635563
5188.0,11873.0,11873.0,18924.0,전라남도,구례군,구례,62.740435425914185,62.740435425914185,27.414922849291905,4,20,전라남도,구례군,0.0,35.32551257662228,-35.32551257662228
15614.0,1349.0,26882.0,47036.0,전라남도,고흥군,고흥,57.15196870482184,2.8680159877540605,33.19584998724381,5,22,전라남도,고흥군,54.28395271706778,23.95611871757803,30.32783399948975
10514.0,16666.0,16666.0,29967.0,전라남도,보성군,보성,55.614509293556246,55.614509293556246,35.08526045316515,3,24,전라남도,보성군,0.0,20.529248840391098,-20.529248840391098
13832.0,25867.0,25867.0,43572.0,전라남도,화순군,화순,59.36610667401083,59.36610667401083,31.74515744055816,4,21,전라남도,화순군,0.0,27.62094923345267,-27.62094923345267
9593.0,14821.0,14821.0,27149.0,전라남도,장흥군,장흥,54.59132933073041,54.59132933073041,35.33463479317839,2,24,전라남도,장흥군,0.0,19.256694537552022,-19.256694537552022
10152.0,12476.0,12476.0,25175.0,전라남도,강진군,강진,49.557100297914594,49.557100297914594,40.32571996027806,1,24,전라남도,강진군,0.0,9.231380337636537,-9.231380337636537
11021.0,20945.0,20945.0,34886.0,전라남도,완도군,완도,60.03841082382617,60.03841082382617,31.59146935733532,2,25,전라남도,완도군,0.0,28.44694146649085,-28.44694146649085
18157.0,1158.0,25901.0,48351.0,전라남도,해남군,해남,53.568695580236195,2.394986660048396,37.55248081735642,0,23,전라남도,해남군,51.1737089201878,16.016214762879777,35.15749415730802
8855.0,10392.0,10392.0,21189.0,전라남도,진도군,진도,49.044315446694036,49.044315446694036,41.79055170135448,0,24,전라남도,진도군,0.0,7.253763745339555,-7.253763745339555
13610.0,18999.0,18999.0,36402.0,전라남도,영암군,영암,52.19218724245921,52.19218724245921,37.38805560134059,1,23,전라남도,영암군,0.0,14.804131641118623,-14.804131641118623
18052.0,29516.0,29516.0,52516.0,전라남도,무안군,무안,56.20382359661817,56.20382359661817,34.37428593190647,1,21,전라남도,무안군,0.0,21.8295376647117,-21.8295376647117
11675.0,20595.0,20595.0,35919.0,전라남도,영광군,영광,57.337342353629,57.337342353629,32.503688855480384,1,19,전라남도,영광군,0.0,24.833653498148614,-24.833653498148614
7831.0,13539.0,13539.0,23368.0,전라남도,함평군,함평,57.93820609380349,57.93820609380349,33.51163984936665,1,20,전라남도,함평군,0.0,24.426566244436835,-24.426566244436835
12000.0,14370.0,14370.0,28950.0,전라남도,신안군,신안,49.637305699481864,49.637305699481864,41.45077720207254,0,21,전라남도,신안군,0.0,8.186528497409327,-8.186528497409327
26901.0,77138.0,38629.0,171444.0,경상북도,포항시북구,포항 북구,22.531555493338935,44.993117286110916,15.690837824595786,12,10,경상북도,북구,-22.46156179277198,6.8407176687431495,-29.30227946151513
24728.0,66319.0,34808.0,150740.0,경상북도,포항시남구,포항 남구,23.091415682632345,43.99562160010614,16.404404935650792,12,11,경상북도,남구,-20.904205917473796,6.687010746981553,-27.59121666445535
3520.0,3520.0,1443.0,6810.0,경상북도,울릉군,울릉,21.18942731277533,51.68869309838473,51.68869309838473,13,8,경상북도,울릉군,-30.499265785609403,-30.499265785609403,0.0
23898.0,80090.0,38092.0,167296.0,경상북도,경주시,경주,22.769223412394798,47.87323068094874,14.284860367253252,12,12,경상북도,경주시,-25.10400726855394,8.484363045141546,-33.588370313695485
12803.0,43998.0,22255.0,92184.0,경상북도,김천시,김천,24.141933524255837,47.72845613121583,13.888527293239608,9,11,경상북도,김천시,-23.586522606959992,10.253406231016228,-33.83992883797622
15461.0,52978.0,23121.0,107357.0,경상북도,안동시,안동,21.536555604199073,49.34750412176197,14.401482902838195,10,9,경상북도,안동시,-27.8109485175629,7.135072701360878,-34.946021218923775
41141.0,98732.0,62573.0,246638.0,경상북도,구미시,구미,25.370380882102516,40.0311387539633,16.680722354219544,10,10,경상북도,구미시,-14.660757871860781,8.689658527882973,-23.350416399743754
10444.0,34504.0,15280.0,70861.0,경상북도,영주시,영주,21.563342318059302,48.69251068994228,14.73871382001383,9,10,경상북도,영주시,-27.12916837188298,6.824628498045472,-33.95379686992845
9175.0,35328.0,12250.0,66091.0,경상북도,영천시,영천,18.535050158115325,53.45357159068557,13.882374302098622,10,12,경상북도,영천시,-34.918521432570245,4.652675856016703,-39.571197288586944
9392.0,38171.0,12356.0,67717.0,경상북도,상주시,상주,18.246525983135697,56.36841561203243,13.869486244222278,8,11,경상북도,상주시,-38.12188962889673,4.377039738913419,-42.49892936781015
6905.0,27832.0,8616.0,49113.0,경상북도,문경시,문경,17.543216663612483,56.66931362368416,14.059414004438745,10,8,경상북도,문경시,-39.12609696007168,3.4838026591737385,-42.60989961924542
4427.0,18863.0,5261.0,32124.0,경상북도,예천군,예천,16.37716349147055,58.719337566928154,13.780973726808618,8,10,경상북도,예천군,-42.342174075457606,2.5961897646619327,-44.938363840119536
24606.0,72129.0,35602.0,160794.0,경상북도,경산시,경산,22.141373434332127,44.85801709018993,15.302809806336057,11,12,경상북도,경산시,-22.716643655857805,6.83856362799607,-29.555207283853875
3654.0,17678.0,5323.0,30398.0,경상북도,청도군,청도,17.51102046187249,58.15514178564379,12.020527666293836,10,13,경상북도,청도군,-40.6441213237713,5.490492795578655,-46.134614119349955
2600.0,13248.0,3754.0,22396.0,경상북도,고령군,고령,16.76192177174495,59.153420253616716,11.609215931416324,9,13,경상북도,고령군,-42.391498481871764,5.152705840328627,-47.54420432220039
3586.0,16788.0,5409.0,30070.0,경상북도,성주군,성주,17.988027934818756,55.829730628533426,11.925507149983371,11,13,경상북도,성주군,-37.841702693714666,6.062520784835385,-43.90422347855005
11340.0,31540.0,16872.0,72006.0,경상북도,칠곡군,칠곡,23.431380718273477,43.80190539677249,15.748687609365886,9,12,경상북도,칠곡군,-20.370524678499013,7.682693108907591,-28.053217787406602
1939.0,11651.0,2251.0,17627.0,경상북도,군위군,군위,12.770182106994952,66.09746411754695,11.000170193453226,10,11,경상북도,군위군,-53.327282010552,1.770011913541726,-55.09729392409372
4767.0,23790.0,5365.0,37855.0,경상북도,의성군,의성,14.172500330207372,62.84506670188878,12.592788271034209,11,11,경상북도,의성군,-48.67256637168141,1.579712059173163,-50.252278430854574
2387.0,10669.0,3218.0,18418.0,경상북도,청송군,청송,17.472038223477032,57.92702790748181,12.96014768161581,11,10,경상북도,청송군,-40.45498968400477,4.511890541861222,-44.966880225866
1701.0,6554.0,2281.0,12048.0,경상북도,영양군,영양,18.932602921646748,54.39907038512616,14.118525896414344,11,9,경상북도,영양군,-35.46646746347941,4.814077025232404,-40.28054448871181
3231.0,16314.0,3786.0,26125.0,경상북도,영덕군,영덕,14.491866028708134,62.44593301435407,12.367464114832535,11,7,경상북도,영덕군,-47.95406698564594,2.1244019138756,-50.07846889952153
3370.0,12536.0,4209.0,22947.0,경상북도,봉화군,봉화,18.3422669630017,54.63023488909226,14.68601560116791,11,8,경상북도,봉화군,-36.28796792609056,3.656251361833789,-39.94421928792435
4476.0,16867.0,6972.0,32568.0,경상북도,울진군,울진,21.407516580692704,51.79010071235569,13.74355195283714,11,6,경상북도,울진군,-30.382584131662984,7.663964627855563,-38.046548759518544
22830.0,56887.0,60757.0,164047.0,경상남도,창원시의창구,창원 의창,37.03633714728096,34.677257127530524,13.916743372326223,6,20,경상남도,의창구,2.3590800197504365,23.119593774954737,-20.7605137552043
22923.0,42052.0,63717.0,153327.0,경상남도,창원시성산구,창원 성산,41.556281672503864,27.426350218813383,14.950400125222563,7,20,경상남도,성산구,14.129931453690482,26.6058815472813,-12.47595009359082
14686.0,54488.0,35592.0,119281.0,경상남도,창원시마산합포구,창원 합포,29.838784047752785,45.68036820616862,12.312103352587588,8,19,경상남도,마산합포구,-15.841584158415838,17.526680695165197,-33.36826485358104
17744.0,56340.0,45014.0,136757.0,경상남도,창원시마산회원구,창원 회원,32.915316949041,41.19715992600013,12.974838582302917,7,21,경상남도,마산회원구,-8.281842976959133,19.940478366738084,-28.222321343697217
17435.0,40049.0,41249.0,114779.0,경상남도,창원시진해구,창원 진해,35.93775864923026,34.89227123428502,15.19006089964192,8,20,경상남도,진해구,1.0454874149452422,20.74769774958834,-19.702210334643098
26687.0,93751.0,73929.0,222813.0,경상남도,진주시,진주,33.17984139166027,42.076090712839914,11.97730832581582,6,18,경상남도,진주시,-8.896249321179646,21.20253306584445,-30.098782387024094
10738.0,36128.0,25477.0,82855.0,경상남도,통영시,통영,30.7488986784141,43.6038863074045,12.959990344577877,8,21,경상남도,통영시,-12.8549876289904,17.788908333836225,-30.643895962826626
4104.0,16797.0,9848.0,34603.0,경상남도,고성군,고성(경남),28.45996011906482,48.54203392769413,11.86024333150305,7,22,경상남도,고성군,-20.082073808629307,16.59971678756177,-36.68179059619108
8350.0,32475.0,22370.0,71555.0,경상남도,사천시,사천,31.262665082803437,45.384669135629935,11.669345258891761,6,21,경상남도,사천시,-14.122004052826497,19.593319823911678,-33.715323876738175
45126.0,82880.0,147972.0,318253.0,경상남도,김해시,김해,46.49508409975711,26.042173993646568,14.179285034233772,9,20,경상남도,김해시,20.45291010611054,32.315799065523336,-11.862888959412796
9073.0,32394.0,20842.0,70687.0,경상남도,밀양시,밀양,29.484912360122795,45.82737985768246,12.835457722070537,8,17,경상남도,밀양시,-16.342467497559664,16.64945463805226,-32.99192213561192
20359.0,38775.0,68291.0,150230.0,경상남도,거제시,거제,45.457631631498366,25.810424016508023,13.551887106436796,8,22,경상남도,거제시,19.647207614990343,31.90574452506157,-12.258536910071227
1984.0,10134.0,5115.0,19258.0,경상남도,의령군,의령,26.560390487070308,52.622286841831965,10.30221206771212,7,18,경상남도,의령군,-26.061896354761657,16.258178419358188,-42.320074774119846
5399.0,19809.0,13597.0,43866.0,경상남도,함안군,함안,30.99667168194046,45.1579811243332,12.307937810605024,6,19,경상남도,함안군,-14.161309442392739,18.688733871335437,-32.85004331372817
3877.0,24464.0,10310.0,42878.0,경상남도,창녕군,창녕,24.044964783805213,57.05489994869164,9.041932925976024,7,17,경상남도,창녕군,-33.00993516488643,15.003031857829189,-48.012967022715614
30945.0,58811.0,83412.0,199835.0,경상남도,양산시,양산,41.74043585958416,29.429779568143722,15.485275352165537,7,19,경상남도,양산시,12.310656291440438,26.255160507418623,-13.944504215978185
4150.0,14864.0,11211.0,34324.0,경상남도,하동군,하동,32.66227712387833,43.30497611001049,12.090665423610302,5,20,경상남도,하동군,-10.64269898613216,20.57161170026803,-31.21431068640019
3906.0,14166.0,8680.0,30208.0,경상남도,남해군,남해,28.73411016949153,46.89486228813559,12.930349576271185,6,22,경상남도,남해군,-18.160752118644062,15.803760593220344,-33.96451271186441
3203.0,13008.0,7388.0,26640.0,경상남도,함양군,함양,27.732732732732735,48.82882882882883,12.023273273273274,6,17,경상남도,함양군,-21.096096096096097,15.709459459459461,-36.80555555555556
2753.0,12544.0,6561.0,24513.0,경상남도,산청군,산청,26.765389793170968,51.17284706074328,11.230775506873904,5,19,경상남도,산청군,-24.407457267572312,15.534614286297064,-39.942071553869376
4923.0,19976.0,11256.0,41325.0,경상남도,거창군,거창,27.237749546279495,48.338777979431335,11.912885662431941,6,16,경상남도,거창군,-21.10102843315184,15.324863883847554,-36.425892316999395
3077.0,19699.0,7143.0,33021.0,경상남도,합천군,합천,21.6316889252294,59.65597649980315,9.318312588958541,7,16,경상남도,합천군,-38.02428757457375,12.31337633627086,-50.33766391084461
55971.0,48027.0,125717.0,273163.0,제주특별자치도,제주시,제주,46.022704392615395,17.5818101280188,20.48996386772733,5,25,제주특별자치도,제주시,28.440894264596594,25.532740524888066,2.9081537397085278
21890.0,20036.0,43776.0,101296.0,제주특별자치도,서귀포시,서귀포,43.215921655346705,19.77965566261254,21.60993523929869,5,26,제주특별자치도,서귀포시,23.436265992734164,21.605986416048015,1.8302795766861486
42765.666666666664,33514.666666666664,79899.0,181259.0,경기도,부천시,부천 소사,44.08001809565319,18.489932453928727,23.593679026512707,2,4,경기도,소사구,25.59008564172446,20.48633906914048,5.1037465725839795
42765.666666666664,33514.666666666664,79899.0,181259.0,경기도,부천시,부천 오정,44.08001809565319,18.489932453928727,23.593679026512707,2,6,경기도,오정구,25.59008564172446,20.48633906914048,5.1037465725839795
42765.666666666664,33514.666666666664,79899.0,181259.0,경기도,부천시,부천 원미,44.08001809565319,18.489932453928727,23.593679026512707,2,5,경기도,원미구,25.59008564172446,20.48633906914048,5.1037465725839795
